{
  "main": {
    "site": "E08",
    "site_ip": "8",
    "domain": "angel.net",
    "isp_info": {
      "pe_ip_address": "35.130.211.130",
      "pe_gw_address": "35.130.211.129",
      "isp_subnet": {
        "subnet": "35.130.211.128",
        "cidr": "/29",
        "netmask": "255.255.255.248"
      },
      "upload": "1000000000",
      "download": "1000000000"
    }
  },
  "devices": [
    {
      "input_name": "PE-001v",
      "template": "pe",
      "fabric": "wolfpack",
      "hostname": "e08-pe-001v"
    },
    {
      "input_name": "RS-001v",
      "template": "rs",
      "fabric": "wolfpack",
      "hostname": "e08-rs-001v"
    },
    {
      "input_name": "WP-DC-SVC-001",
      "template": "wp-dc-svc",
      "fabric": "wolfpack",
      "hostname": "e08-dc-svc-001s"
    },
    {
      "input_name": "dc-cor-001",
      "template": "dc-cor",
      "fabric": "wolfpack",
      "hostname": "e08-dc-cor-001"
    }
  ]
}